model,val_pr_auc,val_auroc,val_brier,fit_seconds,C,learning_rate,max_depth,max_iter,min_samples_leaf
logistic_regression,0.3809308136263675,0.7719232830742699,0.10710653386702129,0.03381878299842356,0.01,,,,
logistic_regression,0.3672248360557384,0.7685441961268672,0.10475186912358697,0.009022268000990152,0.1,,,,
logistic_regression,0.3679190679837742,0.7663070075272074,0.104775325640924,0.010252997999486979,1.0,,,,
logistic_regression,0.3494018543964102,0.7637202582088509,0.10544678968508539,0.01118199799748254,10.0,,,,
hist_gradient_boosting,0.36940993120466115,0.7674139498030809,0.10538352190205705,0.070381826000812,,0.05,2.0,100.0,20.0
hist_gradient_boosting,0.3708397787486377,0.7694180979236093,0.10510018384408301,0.02834202500162064,,0.05,2.0,100.0,50.0
hist_gradient_boosting,0.3650004132977747,0.758803104099182,0.10523248900966062,0.05556872899978771,,0.05,2.0,300.0,20.0
hist_gradient_boosting,0.35427258753717544,0.7582438069492672,0.10545147257988337,0.054724798999814084,,0.05,2.0,300.0,50.0
hist_gradient_boosting,0.3441605457461536,0.7625667078371514,0.10607755855645853,0.03508913299810956,,0.05,3.0,100.0,20.0
hist_gradient_boosting,0.3605346261188139,0.7679848989769523,0.10490888001508493,0.034288992999790935,,0.05,3.0,100.0,50.0
hist_gradient_boosting,0.34229196587052585,0.7429330474703457,0.10795708972091214,0.07518862500000978,,0.05,3.0,300.0,20.0
hist_gradient_boosting,0.3287685153740286,0.7457062291720071,0.10822992026150888,0.07339850599964848,,0.05,3.0,300.0,50.0
hist_gradient_boosting,0.3599967647172121,0.7663885716949034,0.1049949591447274,0.02744234400233836,,0.1,2.0,100.0,20.0
hist_gradient_boosting,0.3593792517740256,0.7671343012281234,0.1048447361510514,0.026567525001155445,,0.1,2.0,100.0,50.0
hist_gradient_boosting,0.3403892935927999,0.7471510801426209,0.10707978911193265,0.05389206900144927,,0.1,2.0,300.0,20.0
hist_gradient_boosting,0.3254472977852143,0.740322994104076,0.10861712977158396,0.053393769998365315,,0.1,2.0,300.0,50.0
hist_gradient_boosting,0.3454192669766264,0.7514273729346789,0.10685076319932499,0.03403664299912634,,0.1,3.0,100.0,20.0
hist_gradient_boosting,0.3433824286569662,0.7486891473048869,0.10728275596051853,0.03263133400105289,,0.1,3.0,100.0,50.0
hist_gradient_boosting,0.3335959712124087,0.7369672112045862,0.11082074360530574,0.07232044500051416,,0.1,3.0,300.0,20.0
hist_gradient_boosting,0.293121500918648,0.7211903707674022,0.11317659737974632,0.06796850699902279,,0.1,3.0,300.0,50.0
